"id","arquivo","titulo","autores","ano","abstract","keywords","doi","num_paginas","caminho_pdf"
"1","A Conceptual Model to Support Teaching of SoftwareEngineering Controlled (Quasi-)Experiments.pdf","A Conceptual Model to Support Teaching of Software Engineering Controlled (Quasi-)Experiments","","2023","Throughout controlled experimentation, it is possible to provide evidence of the software being developed. In the academic envi- ronment, Experimentation in Software Engineering (ESE) is essen- tial to understanding cause-effect relations, enabling a vision of the development process, and taking action on actual events in the software industry. As much as the experimentation processes have been used in industry and academia, there is a lack of for- malization of the principles of ESE teaching and artifacts that can be useful to support it in higher education. One of the means to contribute to ","Teaching of Controlled Experimentation, Controlled Experimenta- tion, TAM Model, Conceptual Modeling, Concepts ACM Reference Format: Carlos D. Luz, Edson OliveiraJr, and Igor Steinmacher.","10.1145/3613372.3614202","10","Artigos/A Conceptual Model to Support Teaching of SoftwareEngineering Controlled (Quasi-)Experiments.pdf"
"2","A Hitchhiker's guide to statistical tests for assessing randomized algorithms in software engineering.pdf","Technical Report, Simula Research Laboratory, number 2011-13","","2011","Randomized algorithms have been used to successfully address many different types of software engi- neering problems. This type of algorithms entail a signiﬁcant degree of randomness as part of their logic. Randomized algorithms are useful to address difﬁcult problems where a precise solution cannot be derived in a deterministic way within reasonable time. However, randomized algorithms can produce different results on every run when applied to the same problem instance. It is hence important to assess the effectiveness of randomized algorithms by collecting data from a large enough number of ","","","29","Artigos/A Hitchhiker's guide to statistical tests for assessing randomized algorithms in software engineering.pdf"
"3","A Large-Scale Empirical Study of AI-Generated Code in.pdf","A Large-Scale Empirical Study of AI-Generated Code in Real-World Repositories","Tianhao Mao; Dongfang Zhao; Haixu Tang; Xiaofeng Wang; Hang Zhang","2026","Large language models (LLMs) are increasingly used in software development, generating code that ranges from short snippets to substantial project components. As AI-generated code becomes more common in real-world repositories, it is important to under- stand how it differs from human-written code and how AI assistance may influence development practices. However, existing studies have largely relied on small-scale or controlled settings, leaving a limited understanding of AI-generated code in the wild. In this work, we present a large-scale empirical study of AI- generated code collected from","","10.1145/nnnnnnn.nnnnnnn","12","Artigos/A Large-Scale Empirical Study of AI-Generated Code in.pdf"
"4","A Quality Model-based Approach for Measuring UserInterface Aesthetics with Grace.pdf","A Quality Model-based Approach for Measuring User Interface Aesthetics with Grace","Mathieu Zen","2023","","and Phrases: Aesthetics, Graphical User Interfaces, Software measurement, User interface evaluation, Usability engineering, Visual measures, Visual techniques.","10.1145/3593224","47","Artigos/A Quality Model-based Approach for Measuring UserInterface Aesthetics with Grace.pdf"
"5","A Review and Analysis of Software Complexity Metrics in Structural Testing.pdf","A Review and Analysis of Software Complexity Metrics in Structural Testing","","","Software metrics is developed and used by the various software organizations for evaluating and assuring software code quality, operation, and maintenance. Software metrics measure various types of software complexity like size metrics, control flow metrics and data flow metrics. These software complexities must be continuously calculated, followed, and controlled. One of the main objectives of software metrics is that applies to a process and product metrics. It is always considered that high degree of complexity in a module is bad in comparison to a low degree of complexity in a module. Soft","","","5","Artigos/A Review and Analysis of Software Complexity Metrics in Structural Testing.pdf"
"6","A Study on Software Metrics and its Impact on Software Quality.pdf","2-815-A Study on Software Metrics and its Impact on Software Quality.cdr","khalil","","Software metrics offer a quantitative basis for predicting the software development process. In this way, software quality can be improved very easily. Software quality should be achieved to satisfy the customer with decreasing the software cost and improve there liability of the software product. In this research, we have discussed how the software metrics affect the quality of the software and which stages of its development software metrics have applied. We discussed the different software metrics and how these metrics have an impact on software quality and reliability. These techniques hav","Data stream mining, In-process metrics, defect severity, Test coverage, McCabe, STREW-H, Software Quality, In-process Measurements, Testing Metrics, software complexity. I. INTRODUCTION","","14","Artigos/A Study on Software Metrics and its Impact on Software Quality.pdf"
"7","A Survey of Controlled Experiments in Software Engineering..pdf","A Survey of Controlled Experiments","","2002","The classical method for identifying cause-effect relationships is to conduct controlled experiments. This paper reports upon the present state of how controlled experiments in software engineering are conducted and the extent to which relevant information is reported. Among the 5,453 scientific articles published in 12 leading software engineering journals and conferences in the decade from 1993 to 2002, 103 articles (1.9 percent) reported controlled experiments in which individuals or teams performed one or more software engineering tasks. This survey quantitatively characterizes the topics ","","","21","Artigos/A Survey of Controlled Experiments in Software Engineering..pdf"
"8","A Systematic Review of Productivity Factors in Software Development.pdf","arXiv:1801.06475v1  [cs.SE]  19 Jan 2018","","2018","Analysing and improving productivity has been one of the main goals of software engineering research since its beginnings. A plethora of studies has been conducted on various factors that resulted in several models for analysis and prediction of productivity. However, productivity is still an issue in current software development and not all factors and their relationships are known. This paper reviews the large body of available literature in order to distill a list of the main factors inﬂuencing productivity investigated so far. The measure for importance here is the number of articles a fac","","","6","Artigos/A Systematic Review of Productivity Factors in Software Development.pdf"
"9","A Tale of Two Cities Software Developers Working fromHome during the COVID-19 Pandemic.pdf","A Tale of Two Cities: Software Developers Working from","","2021","","and Phrases: COVID-19, work from home","10.1145/3487567","37","Artigos/A Tale of Two Cities Software Developers Working fromHome during the COVID-19 Pandemic.pdf"
"10","A Taxonomy of Data Quality Challenges in Empirical Software Engineering.pdf","Full citation: Bosu, M.F., & MacDonell, S.G. (2013) A taxonomy of data quality challenges in","ae","2013","Reliable empirical models such as those used in software effort estimation or defect prediction are inherently dependent on the data from which they are built. As demands for process and product improvement continue to grow, the quality of the data used in measurement and prediction systems warrants increasingly close scrutiny. In this paper we propose a taxonomy of data quality challenges in empirical software engineering, based on an extensive review of prior research. We consider current assessment techniques for each quality issue and proposed mechanisms to address these issues, where avai","data quality; provenance; commercial sensitivity; accessibility; trustworthiness; empirical software engineering","10.1109/ASWEC.2013.21","12","Artigos/A Taxonomy of Data Quality Challenges in Empirical Software Engineering.pdf"
"11","A Tool-Based Perspective on Software Code Maintainability Metrics A Systematic Literature Review.pdf","A Tool‐Based Perspective on Software Code Maintainability Metrics: A Systematic Literature Review","","2020","","listed above, for each of the chosen digital libraries. 2.1.","10.1155/2020/8840389","26","Artigos/A Tool-Based Perspective on Software Code Maintainability Metrics A Systematic Literature Review.pdf"
"12","A large-scale empirical study on self-admitted technical debt.pdf","A Large-Scale Empirical Study on Self-Admitted Technical Debt","Gabriele Bavota, Barbara Russo","2016","ing with credit is permitted. To copy otherwise, or republish, to post on servers or to redistribute to lists, requires prior speciﬁc permission and/or a fee. Request permissions from permissions@acm.org. MSR’16, May 14-15, 2016, Austin, TX, USA c⃝2016 ACM. ISBN 978-1-4503-4186-8/16/05...$15.00 DOI: http://dx.doi.org/10.1145/2901739.2901742 1. INTRODUCTION Ward Cunningham coined the technical debt metaphor back in 1993 [14] to explain the unavoidable interests (i.e., maintenance and evolution costs) developers pay while work- ing on not-quite-right code, possibly written in a rush to meet a de","Mining Software Repositories, Technical Debt, Empirical Software Engineering Permission to make digital or hard copies of all or part of this work for personal or classroom use is granted without fee provided that copies are not made or distributed for proﬁt or commercial advantage and that copies b","10.1145/2901739.2901742","12","Artigos/A large-scale empirical study on self-admitted technical debt.pdf"
"13","A machine learning approach to vulnerability detection combining software.pdf","A machine learning approach to vulnerability detection combining software metrics and topic modelling: Evidence from smart contracts","Giacomo Ibba","2014","","Vulnerability detection Software metrics Topic modelling Machine learning Source code analysis Smart contracts","10.1016/j.mlwa.2025.100759","18","Artigos/A machine learning approach to vulnerability detection combining software.pdf"
"14","A preliminary GQM model to evaluate web API usability.pdf","A preliminary GQM model to evaluate web API","","","Web APIs allow easy access to a variety of resources and ser- vices, and it is because of that they have become essential for building modern applications. This generated a new business perspective, “the API economy”, and for that reason, usability now turns into a key char- acteristic for the acceptance of a web API. Although web API usabil- ity is a researched topic, no studies proposing a usability model for web APIs have been found. For that reason, this study presents a preliminary model to help standardize and facilitate web API usability assessment. Our model, based on the GQM approach,","Web API usability · Model · Metrics · GQM","","13","Artigos/A preliminary GQM model to evaluate web API usability.pdf"
"15","ADmM Anomaly Detection for Microservice Systems withIncomplete Metrics.pdf","ADmM: Anomaly Detection for Microservice Systems with Incomplete Metrics","Zekun Zhang, Jian Wang, Bing Li, Liuxiaoxiao Zhang, Yu Liu, Patrick Hung","2026","","and Phrases: Microservice, anomaly detection, incompleteness, metrics","10.1145/3801729","35","Artigos/ADmM Anomaly Detection for Microservice Systems withIncomplete Metrics.pdf"
"16","ARTIGO_Definição de um processo de medição de software baseado em Seis Sigma e CMMI.pdf","Microsoft Word - FinalPrint07.doc","eric.ferreira","2002","Statistical tools are usually used in the continuous process improvement. Particularly in the software process, the way the data are stored sometimes makes these analyses tricky. In this context, CMMI (Capability Maturity Model Integration) is used for defining software processes, the Six Sigma methodology is used for defining measurement processes and the Practical Software and Systems Measurement Insight (PSM Insight) tool is used for data organization. This work presents a proposal of measurement process based on CMMI, Six Sigma and PSM. The considered process reveals an existing correspond","Six Sigma; Statistics; Software Process.","","11","Artigos/ARTIGO_Definição de um processo de medição de software baseado em Seis Sigma e CMMI.pdf"
"17","A_Framework_for_Automating_the_Measurement_of_DevOps_Research_and_Assessment_DORA_Metrics.pdf","A Framework for Automating the Measurement of DevOps Research and Assessment (DORA) Metrics","","","The DevOps Research and Assessment (DORA) metrics have been widely accepted by the software industry as a powerful method to quantify DevOps performance, leading to signiﬁcant interest in their measurement. Existing proprietary solutions are highly customised, and require speciﬁc types of cloud infrastructure, limiting their suitability for projects such as libraries, frameworks, and open source projects. To address this gap, we present a framework which operationalizes the DORA metrics independently of a project’s software development life-cycle or type of deployment. We demonstrate the gener","","","11","Artigos/A_Framework_for_Automating_the_Measurement_of_DevOps_Research_and_Assessment_DORA_Metrics.pdf"
"18","A_study_of_component_based_software_system_metrics.pdf","A study of component based software system metrics","","2016","The term metrics is basically a quantitative measure of extent to which given attributes influenced by a system, component or a process. Metrics are required to measure software quality, improve software quality and to predict software quality. There are various approaches available to develop a software metrics like object oriented approach, component based approach, distributed approach. Component based software engineering is a latest approach in developing software. The main function of component based metrics is to provide reusability and decrease cost and development time. These metrics ","","","5","Artigos/A_study_of_component_based_software_system_metrics.pdf"
"19","Adjustment_Level_Metrics_for_Requirements_in_Project_Management.pdf","Adjustment Level Metrics for Requirements in Project Management","","2021","The correct and complete definition of the requirements that are part of the scope of a project is crucial for its successful management. They are usually expressed through a set of raw data and originate from different documents. This article presents a proposal of metrics to determine the degree of completeness of the requirements. Such metrics are based on the combination of simple mathematical models with natural language processing techniques to analyze the degree of completeness and estimation of activities, and the degree of estimation of costs and human resources. This paper describes ","","10.1109/ISCMI53840.2021.9654823","10","Artigos/Adjustment_Level_Metrics_for_Requirements_in_Project_Management.pdf"
"20","An Empirical Validation of Cognitive Complexity as a Measure.pdf","An Empirical Validation of Cognitive Complexity as a Measure of Source Code Understandability","Marvin Muñoz Barón, Marvin Wyrich, and Stefan Wagner","2020","Background: Developers spend a lot of their time on understand- ing source code. Static code analysis tools can draw attention to code that is difficult for developers to understand. However, most of the findings are based on non-validated metrics, which can lead to confusion and code, that is hard to understand, not being identified. Aims: In this work, we validate a metric called Cognitive Complexity which was explicitly designed to measure code understandability and which is already widely used due to its integration in well- known static code analysis tools. Method: We conducted a systemat","cognitive complexity, source code understandability, source code comprehension, software metrics, meta-analysis ACM Reference Format: Marvin Muñoz Barón, Marvin Wyrich, and Stefan Wagner.","10.1145/3382494.3410636","12","Artigos/An Empirical Validation of Cognitive Complexity as a Measure.pdf"
"21","An External Replication on the Effects of Test-driven Development Using a Multi-site Blind Analysis Approach.pdf","An External Replication on the Effects of Test-driven","","","Context: Test-driven development (TDD) is an agile prac- tice claimed to improve the quality of a software product, as well as the productivity of its developers. A previous study (i.e., baseline experiment) at the University of Oulu (Finland) compared TDD to a test-last development (TLD) approach through a randomized controlled trial. The results failed to support the claims. Goal: We want to validate the original study results by replicating it at the Univer- sity of Basilicata (Italy), using a diﬀerent design. Method: We replicated the baseline experiment, using a crossover de- sign, with 2","test-driven development, external experiment replication, blind analysis","10.1145/2961111.2962592","10","Artigos/An External Replication on the Effects of Test-driven Development Using a Multi-site Blind Analysis Approach.pdf"
"22","An_Empirical_Investigation_of_Factors_Causing_Scop.pdf","An Empirical Investigation of Factors Causing Scope Creep in Agile Global Software Development Context: A Conceptual Model for Project Managers","","2021","","","10.1109/ACCESS.2021.3100779","34","Artigos/An_Empirical_Investigation_of_Factors_Causing_Scop.pdf"
"23","Analise da Eficiência do Uso de Recursos de Máquina (TCC_GABRIEL_AUGUSTO_SOUZA_BORGES).pdf","An´alise da Eficiˆencia do Uso de Recursos de M´aquina na","","","A observabilidade ´e uma pr´atica essencial para monitorar sistemas modernos, mas sua implementac¸˜ao pode gerar custos elevados em recursos de hardware, como processamento, mem´oria e armazenamento. O problema central abordado ´e a ineficiˆencia no uso desses recursos, que ocorre devido `a ausˆencia de diretrizes para equilibrar a qualidade do monitoramento e o custo computacional. Para investigar soluc¸˜oes, este trabalho seguiu uma metodologia experimental que comparou a eficiˆencia de diferentes pr´aticas de observabili- dade em um ambiente controlado com hardware limitado. Uma API foi sub","","","17","Artigos/Analise da Eficiência do Uso de Recursos de Máquina (TCC_GABRIEL_AUGUSTO_SOUZA_BORGES).pdf"
"24","Application of Statistical Methods in Software Engineering Theory and Practice.pdf","Application of Statistical Methods in Software Engineering: Theory and Practice","Tassio Sirqueira, Marcos Miguel, Humberto Dalpra, Marco Antônio Araújo, José Maria David","","The experimental evaluation of the methods and concepts covered in software engineering has been increasingly valued. This value indicates the constant search for new forms of assessment and validation of the results obtained in Software Engineering research. Results are validated in studies through evaluations, which in turn become increasingly stringent. As an alternative to aid in the veriﬁcation of the results, that is, whether they are positive or negative, we suggest the use of statistical methods. This article presents some of the main statistical techniques available, as well as their ","Statistical Methods; Experimental Studies; Software Engineering; Experimental Evaluation","","23","Artigos/Application of Statistical Methods in Software Engineering Theory and Practice.pdf"
"25","Do Internal Software Metrics Have Relationship with Fault-proneness and Change-proneness.pdf","arXiv:2310.03673v2 [cs.SE] 7 Jun 2024","","2024","Fault-proneness is a measure that indicates the possibility of pro- gramming errors occurring within a software system. On the other hand, change-proneness refers to the potential for modiﬁcations to be made to the software. Both of these measures are crucial indicators of software maintainability, as they inﬂuence internal software metrics such as size, inheritance, and coupling, particu- larly when numerous changes are made to the system. In the liter- ature, research has predicted change- and fault-proneness using internal software metrics that is almost a decade old. However, given the con","change-proneness, fault-proneness, internal software metrics","","7","Artigos/Do Internal Software Metrics Have Relationship with Fault-proneness and Change-proneness.pdf"
"26","Evaluation metrics and statistical tests for machine learning.pdf","Evaluation metrics and statistical tests for machine learning","Oona Rainio","2024","","Evaluation metrics, Machine learning, Medical images, Statistical testing Due to our developed technology and access to huge amounts of digitized data, the number of different appli- cations using machine learning (ML) has increased dramatically during the past few ­decades","10.1038/s41598-024-56706-x","14","Artigos/Evaluation metrics and statistical tests for machine learning.pdf"
"27","Evaluation of Software Product Quality Metrics.pdf","Evaluation of Software Product Quality Metrics","","2009","Computing devices and associated software govern everyday life, and form the backbone of safety critical systems in banking, health- care, automotive and other ﬁelds. Increasing system complexity, quickly evolving technologies and paradigm shifts have kept software quality re- search at the forefront. Standards such as ISO’s 25010 express it in terms of sub-characteristics such as maintainability, reliability and security. A signiﬁcant body of literature attempts to link these subcharacteristics with software metric values, with the end goal of creating a metric- based model of software produc","software metric, software quality, descriptive statistics, cross- sectional study, longitudinal study","","24","Artigos/Evaluation of Software Product Quality Metrics.pdf"
"28","Evidence_is_All_We_Need_Do_Self-Admitted_Technical_Debts_Impact_Method-Level_Maintenance.pdf","Evidence is All We Need: Do Self-Admitted Technical Debts Impact Method-Level Maintenance?","","","Self-Admitted Technical Debt (SATD) refers to the phenomenon where developers explicitly acknowledge technical debt through comments in the source code. While considerable research has focused on detecting and addressing SATD, its true impact on software maintenance remains underexplored. The few studies that have examined this critical aspect have not provided concrete evidence linking SATD to negative effects on software maintenance. These studies, however, focused only on file- or class-level code granularity. This paper aims to empirically investigate the influence of SATD on various facet","","","13","Artigos/Evidence_is_All_We_Need_Do_Self-Admitted_Technical_Debts_Impact_Method-Level_Maintenance.pdf"
"29","Experimentation in Software Engineering.pdf","Experimentation in Software Engineering","","","Experimentation in software engineering supports the ad- vancement of the field through an iterative learning process. In this paper we present a framework for analyzing most of the experimental work performed in software engineering over the past several years. We describe a variety of experiments in the framework and discuss their contribution to the software engineering discipline. Some useful recommendations for the application of the experimental process in software engineering are included.","","","11","Artigos/Experimentation in Software Engineering.pdf"
"30","FORMATO PARA ESPECIFICAÇÃO DE REQUISITOS CONJECTURAIS NO CONTEXTO DA EXPERIMENTAÇÃO CONTÍNUA EM ENGENHARIA DE SOFTWARE.pdf","FORMATO PARA ESPECIFICAÇÃO DE REQUISITOS CONJECTURAIS NO","Nome Completo do Autor","2023","","","","112","Artigos/FORMATO PARA ESPECIFICAÇÃO DE REQUISITOS CONJECTURAIS NO CONTEXTO DA EXPERIMENTAÇÃO CONTÍNUA EM ENGENHARIA DE SOFTWARE.pdf"
"31","How to Accelerate R&D and Optimize Experiment Planning with Machine Learning and Data Science.pdf","05_Roche_01_43122.indd","","2023","Accelerating R&D is essential to address some of the challenges humanity is currently facing, such as achieving global sustainability goals. Today’s Edisonian approach of trial-and-error still prevalent in R&D labs takes up to two decades of fundamental and applied research for new materials to reach the market. Turning around this situation calls for strategies to upgrade R&D and expedite innovation. By conducting smart experi- ment planning that is data-driven and guided by AI/ML, researchers can more efficiently search through the com- plex – often constrained – space of possible experiment","","10.2533/chimia.2023.7","10","Artigos/How to Accelerate R&D and Optimize Experiment Planning with Machine Learning and Data Science.pdf"
"32","Impact_of_CMMI_based_software_process_maturity_on_.pdf","Microsoft Word - 725final","faten","2008","The software capability maturity model has become a popular model for enhancing software development processes with the goal of developing high-quality software within budget and schedule. The software cost estimation model, constructive cost model, in its last update (constructive cost model II) has a set of seventeen cost drivers and a set of five scale factors. Process maturity is one of the five scale factors and its ratings are based on software capability maturity model. This paper examines the effect of process maturity on software development effort by deriving a new set of constructiv","Effort estimation, scale factor, cost driver, COCOMO, SW-CMM, CMMI.","","10","Artigos/Impact_of_CMMI_based_software_process_maturity_on_.pdf"
"33","Impact_of_Evaluating_Software_Complexity_Measures.pdf","Impact of &#x201C;Evaluating Software Complexity Measures&#x201D;","","2025","We investigate the impact that the paper “Evaluat- ing Software Complexity Measures” has had over the thirty-six year period since it was ﬁrst published in 1988. We look both at how the frequency of citation increased, and the ways that the research has been used. We describe how citations evolved from the initial obvious intent of assessing newly proposed complexity measures to assessing qualities other than complexity, to using them to assess complexity in entities other than software code, or restricted types of programming paradigms, to the adoption of our approach or properties in ﬁelds d","","10.1109/TSE.2025.3533467","5","Artigos/Impact_of_Evaluating_Software_Complexity_Measures.pdf"
"34","Kitchenham, B. Guidelines for performing Systematic Literature Reviews in software engineering. EBSE Technical Report EBSE-2007-01.pdf","Undertaking systematic reviews","A satisfied Microsoft Office User","2007","","","","65","Artigos/Kitchenham, B. Guidelines for performing Systematic Literature Reviews in software engineering. EBSE Technical Report EBSE-2007-01.pdf"
"35","LLM4DS Evaluating Large Language Models for Data Science Code Generation.pdf","LLM4DS: Evaluating Large Language Models for","","","The adoption of Large Language Models (LLMs) for code generation in data science offers substantial potential for en- hancing tasks such as data manipulation, statistical analysis, and visualization. However, the effectiveness of these models in the data science domain remains underexplored. This paper presents a controlled experiment that empirically assesses the performance of four leading LLM-based AI assistants—Microsoft Copilot (GPT-4 Turbo), ChatGPT (o1-preview), Claude (3.5 Sonnet), and Perplexity Labs (Llama-3.1-70b-instruct)—on a diverse set of data science coding challenges sourced f","","","11","Artigos/LLM4DS Evaluating Large Language Models for Data Science Code Generation.pdf"
"36","Measuring_the_Impact_of_Scope_Changes_on_Project_Plan_Using_EVM.pdf","Received August 6, 2020, accepted August 13, 2020, date of publication August 20, 2020, date of current version September 2, 2020.","","2020","","","10.1109/ACCESS.2020.3018169","25","Artigos/Measuring_the_Impact_of_Scope_Changes_on_Project_Plan_Using_EVM.pdf"
"37","Medição e Análise no CMMI com Metodologia Seis Sigma eISOIECIEEE1593.pdf","Sigmae, Alfenas, v.11, n.2, p. 21-35, 2022.","DEX","2022","Based on the premise that the quality of a software product is mostly the result of the quality of the process in which it is developed, models for the improvement of the process of software have been developed. The measurement and analysis for models assume great importance, because the evaluation of the relationship between the capacity (estimated results) and the performance (observed results) of a process is important so that it can be improved. CMMI is one of the more used models, having a great experience with success in the industry. CMMI do not indicate the measurement system to work a","CMMI; Statistics; Six Sigma; ISO/IEC/","","15","Artigos/Medição e Análise no CMMI com Metodologia Seis Sigma eISOIECIEEE1593.pdf"
"38","Metrics for Evaluating and Improving Transparency in Software Engineering An Empirical Study and Improvement Model.pdf","Metrics for Evaluating and Improving Transparency in Software Engineering: An Empirical Study and Improvement Model","Paulinus Ofem","2024","Transparency remains an emerging non-functional requirement that stakeholders in the software engineering process (SEP) must consider. Existing studies provide evidence of the usefulness of transparency and offer hindsight on how transparency may be evaluated in different contexts. Considering communication, software maintainability, and stakeholders’ productivity, SEP has not thoroughly explored the benefits of transparency. Currently, there is no appropriate measurement of transpar- ency in SEP, and the consequence of this is that theoretically and empirically, the factors that characterise ","","10.1007/s42979-024-03471-3","35","Artigos/Metrics for Evaluating and Improving Transparency in Software Engineering An Empirical Study and Improvement Model.pdf"
"39","Metrics in Large-Scale Agile Software Development A Multivocal Literature Review.pdf","Metrics in Large-Scale Agile Software Development: A","","2021","Software development is widespread across various sectors. As large- scale projects increasingly adopt agile development practices, there arises a need for metrics to enhance team coordination, promote continuous improve- ment and monitor progress. This discussion focuses on the current state of metrics for large-scale agile software development, outlining the reasons for their adoption and showcasing the achieved results. The analysis involves a comprehensive literature review, exploring grey literature. A catalog of metrics applicable to scalable agile projects is presented, featuring exampl","","","15","Artigos/Metrics in Large-Scale Agile Software Development A Multivocal Literature Review.pdf"
"40","On Wasted Contributions Understanding the Dynamics of Contributor-Abandoned Pull Requests–A Mixed-Methods Study of 10 Large Open-Source Projects.pdf","On Wasted Contributions: Understanding the Dynamics","","2023","","and Phrases: Socio-technical factors, pull-based development, modern code review, social coding platforms, open-source software, mixed-methods research","10.1145/3530785","39","Artigos/On Wasted Contributions Understanding the Dynamics of Contributor-Abandoned Pull Requests–A Mixed-Methods Study of 10 Large Open-Source Projects.pdf"
"41","On the Relationship Between Story Points and DevelopmentEffort in Agile Open-Source Software.pdf","On the Relationship Between Story Points and Development Effort in Agile Open-Source Software","Vali Tawosi, Rebecca Moussa, Federica Sarro","","","Software effort estimation; Story Point; Agile software. ACM Reference Format: Vali Tawosi, Rebecca Moussa, and Federica Sarro.","10.1145/3544902.3546238","12","Artigos/On the Relationship Between Story Points and DevelopmentEffort in Agile Open-Source Software.pdf"
"42","Process metrics for software defectprediction in object-oriented programs.pdf","Process metrics for software defect prediction in object‐oriented programs","","2018","Software evolution is an important activity in the life cycle of a modern software system. In the process of software evolution, the repair of historical defects and the increasing demands may introduce new defects. Therefore, evolution-oriented defect prediction has attracted much attention of researchers in recent years. At present, some researchers have proposed the process metrics to describe the characteristics of software evolution. However, compared with the traditional software defect prediction methods, the research on evolution-oriented defect prediction is still inadequate. Based on","","10.1049/iet-sen.2018.5439","10","Artigos/Process metrics for software defectprediction in object-oriented programs.pdf"
"43","Quality_metrics_in_Agile_Software_Development_Proj.pdf","Quality Metrics in Agile Software Development Projects","Kristīne Kārkliņa, Rūta Pirta","2018","– Nowadays, IT projects are becoming more complex and larger in scale. Stakeholders often experience difficulties assessing project quality attributes, such as progress, budget. Specifically adapted project metrics based on their descriptive features are beneficial tools for acquiring important information. The paper discusses metrics as an important project quality assessment method. It proposes using GQM method for selecting the most appropriate Agile project quality metrics. For metrics monitoring it explores popular cloud-based project management systems. An illustration of the approach is","","10.7250/itms-2018-0008","6","Artigos/Quality_metrics_in_Agile_Software_Development_Proj.pdf"
"44","Quality_of_AI-Generated_vs._Human-Generated_Code.pdf","Quality of AI-Generated vs. Human-Generated Code","","","This study examines the quality differences between AI-generated and human-generated code through an evaluation of multiple software quality metrics, including maintainability, complexity, and documentation. Using a dataset of 5,312 code samples—2,700 human-generated and 2,612 AI-generated—we applied machine learning techniques to classify and analyze the code based on these metrics. The results revealed that AI-generated code tends to excel in maintainability and doc- umentation, demonstrating higher maintainability index scores and a higher ratio of comments. Additionally, AI-generated code ","","","6","Artigos/Quality_of_AI-Generated_vs._Human-Generated_Code.pdf"
"45","Recommendations for analysing and meta-analysing small sample size software engineering experiments.pdf","https://doi.org/10.1007/s10664-024-10504-1","","2024","","Meta-analysis · Effect size · Non-parametric · Probability of superiority · Small sample sizes · Reproducible research Communicated by: Carlo A. Furia B Lech Madeyski lech.madeyski@pwr.edu.pl","10.1007/s10664-024-10504-1","46","Artigos/Recommendations for analysing and meta-analysing small sample size software engineering experiments.pdf"
"46","Robust Statistical Methods for Empirical Software Engineering.pdf","Empir Software Eng (2017) 22:579–630","","2017","","Empirical software engineering · Statistical methods · Robust methods · Robust statistical methods","10.1007/s10664-016-9437-5","53","Artigos/Robust Statistical Methods for Empirical Software Engineering.pdf"
"47","SOFTWARE CODE QUALITY MEASUREMENT IMPLICATIONS FROM METRIC DISRIBUTIONS.pdf","SOFTWARE CODE QUALITY MEASUREMENT: IMPLICATIONS FROM","","2024","","open source software, code quality, construct measurement, non-monotonic metric","","12","Artigos/SOFTWARE CODE QUALITY MEASUREMENT IMPLICATIONS FROM METRIC DISRIBUTIONS.pdf"
"48","Software Development and Maintenance Effort Estimation Using Function Points and Simpler Functional Measures.pdf","Software Development and Maintenance Effort Estimation Using Function Points and Simpler Functional Measures","Luigi Lavazza, Angela Locoro and Roberto Meli","2024","Functional size measures are widely used for estimating software development effort. After the","unadjusted Function Points (UFPs); simple Function Points (SFPs); effort estimation; simple functional size measures","10.3390/software3040022","31","Artigos/Software Development and Maintenance Effort Estimation Using Function Points and Simpler Functional Measures.pdf"
"49","Software Process Measurement and Related Challenges in Agile Software Development A Multiple Case Study.pdf","Microsoft Word - Software Process Measurement and Related Challenges in Agile Software Developmen - A Multiple Case Study (Latest)","pram","2020","Existing scientific literature highlights the importance of metrics in Agile Software Development (ASD). Still, empirical investigation into metrics in ASD is scarce, particularly in identifying the rationale and the operational chal- lenges associated with metrics. Under the Q-Rapids project (Horizon 2020), we conducted a multiple case study at four Agile companies. We used the Goal Ques- tion Metric (GQM) approach to investigate the rationale explaining the choice of process metrics in ASD, and challenges faced in operationalizing them. Results reflect that companies are interested in assess","Process Metrics, Agile Software Development, GQM.","","16","Artigos/Software Process Measurement and Related Challenges in Agile Software Development A Multiple Case Study.pdf"
"50","Software Product Quality Metrics A Systematic Mapping Study.pdf","Software Product Quality Metrics: A Systematic Mapping Study","","2021","The result is presented through graphics, explanations, and the mind mapping method. The outputs include the trend map between the years 2009 and 2019, knowledge about this area and measurement tools, issues determined to be open to development in this area, and conformity between conference papers, articles and internationally valid quality models. This study may serve as a foundation for future studies that aim to contribute to the development in this crucial ﬁeld. Future SM studies might focus on this subject for measuring the quality of network performance and new technologies such as Arti","","10.1109/ACCESS.2021.3054730","24","Artigos/Software Product Quality Metrics A Systematic Mapping Study.pdf"
"51","Software quality models Exploratory review.pdf","This is a title","erika","2023","INTRODUCTION: The emerging industrialization of software promotes the continuous development of new evaluation models that adapt to the product's characteristics and the organizations' needs. OBJECTIVES: This article aims to identify the software quality models proposed between 2016 and 2020. METHODS: We conducted an exploratory systematic review in the SciELO, IEEE Xplore, and Scopus databases, resulting in 14 research papers proposing new models for assessing software quality. RESULTS: 79% of the research papers were extracted from IEEE Xplore, and 50% of them were authored by individuals af","product quality, quality of use, quality standards, software development, systematic review Received on","10.4108/eetsis.3982","7","Artigos/Software quality models Exploratory review.pdf"
"52","Software_Cost_and_Effort_Estimation_Current_Approaches_and_Future_Trends.pdf","Received 20 August 2023, accepted 31 August 2023, date of publication 7 September 2023, date of current version 15 September 2023.","","2023","Software cost and effort estimation is one of the most significant tasks in the area of software engineering. Research conducted in this field has been evolving with new techniques that necessitate periodic comparative analyses. Software project success largely depends on accurate software cost estimation as it gives an idea of the challenges and risks involved in the development. The great diversity of ML and Non- ML techniques has generated a comparison and progressed into the integration of these techniques. Based on varying advantages it has become imperative to work out preferred estimati","","10.1109/ACCESS.2023.3312716","21","Artigos/Software_Cost_and_Effort_Estimation_Current_Approaches_and_Future_Trends.pdf"
"53","Software_Metrics_Classification_for_Agile_Scrum_Process_A_Literature_Review.pdf","Software Metrics Classification for Agile Scrum Process: A Literature Review","","","Software metrics play an important role to measure every attributes and project success in software development context. In the scrum process, there are several events performed on each sprint in order to monitor team performance. Conducting an objective performance measurement in the agile process meet some challenges due to the differences in team preferences and project complexity. This paper discusses the software measurement metrics and their fundamental role in scrum software development life cycle. We review software metrics on scrum context based on 13 selected literatures. Software me","","","6","Artigos/Software_Metrics_Classification_for_Agile_Scrum_Process_A_Literature_Review.pdf"
"54","Source Code Metrics for Software Defects Prediction.pdf","Source Code Metrics for Software Defects Prediction","Dominik Arne Rebro, Bruno Rossi, and Stanislav Chren","2023","In current research, there are contrasting results about the ap- plicability of software source code metrics as features for defect prediction models. The goal of the paper is to evaluate the adop- tion of software metrics in models for software defect prediction, identifying the impact of individual source code metrics. With an empirical study on 275 release versions of 39 Java projects mined from GitHub, we compute 12 software metrics and collect software defect information. We train and compare three defect classifica- tion models. The results across all projects indicate that Decision Tree","Software Defect Prediction, Software Metrics, Mining Software Repositories, Software Quality Accepted version of Dominik Arne Rebro, Bruno Rossi, and Stanislav Chren.","10.1145/3555776.3577809","6","Artigos/Source Code Metrics for Software Defects Prediction.pdf"
"55","THE GOAL QUESTION METRIC APPROACH.pdf","THE GOAL QUESTION METRIC APPROACH","","","","","","10","Artigos/THE GOAL QUESTION METRIC APPROACH.pdf"
"56","Techniques for Calculating Software Product Metrics Threshold Values A Systematic Mapping Study.pdf","Techniques for Calculating Software Product Metrics Threshold Values: A Systematic Mapping Study","Alok Mishra, Raed Shatnawi, Cagatay Catal and Akhan Akbulut","2021","Several aspects of software product quality can be assessed and measured using product metrics. Without software metric threshold values, it is difﬁcult to evaluate different aspects of quality. To this end, the interest in research studies that focus on identifying and deriving threshold values is growing, given the advantage of applying software metric threshold values to evaluate various software projects during their software development life cycle phases. The aim of this paper is to systematically investigate research on software metric threshold calculation techniques. In this study, ele","object-oriented metrics; software metrics; object-oriented measures; thresholds; systematic mapping; software quality","10.3390/app112311377","25","Artigos/Techniques for Calculating Software Product Metrics Threshold Values A Systematic Mapping Study.pdf"
"57","The Experimental Paradigm in Software Engeneering.pdf","The Experimental Paradigm in Software Engeneering","","","","","","7","Artigos/The Experimental Paradigm in Software Engeneering.pdf"
"58","The Space of Developer Productivity There's more to it than you think.pdf","eveloper productivity is complex and nuanced,","","2021","","","","29","Artigos/The Space of Developer Productivity There's more to it than you think.pdf"
"59","The effects of change decomposition on code review --a controlled experiment.pdf","The effects of change decomposition on code review-a controlled experiment","Marco di Biase","2019","Background: Code review is a cognitively demanding and time-consuming process. Previous qualitative studies hinted at how decomposing change sets into multiple yet internally coherent ones would improve the reviewing process. So far, literature provided no quantitative analysis of this hypothesis. Aims: (1) Quantitatively measure the effects of change decomposition on the outcome of code review (in terms of number of found defects, wrongly reported issues, suggested improvements, time, and understanding); (2) Qualitatively analyze how subjects approach the review and navigate the code, buildin","","10.7717/peerj-cs.193","25","Artigos/The effects of change decomposition on code review --a controlled experiment.pdf"
"60","The role of measurement uncertainty in the validation of a measurement procedure.pdf","The role of measurement uncertainty in the validation of a measurement procedure","Fernando C. Raposo","2024","","","10.1007/s00769-024-01593-y","1","Artigos/The role of measurement uncertainty in the validation of a measurement procedure.pdf"
"61","Top Challenges from the first Practical Online Controlled Experiments Summit.pdf","Proceedings Template - WORD","End User Computing Services","2019","Online controlled experiments (OCEs), also known as A/B tests, have become ubiquitous in evaluating the impact of changes made to software products and services. While the concept of online controlled experiments is simple, there are many practical challenges in running OCEs at scale and encourage further academic and industrial exploration. To understand the top practical challenges in running OCEs at scale, representatives with experience in large-scale experimentation from thirteen different organizations (Airbnb, Amazon, Booking.com, Facebook, Google, LinkedIn, Lyft, Microsoft, Netflix, Tw","","","16","Artigos/Top Challenges from the first Practical Online Controlled Experiments Summit.pdf"
"62","Towards Improving Experimentation in Software Engineering.pdf","Towards Improving Experimentation in Software Engineering","Edson OliveiraJr, Viviane Furtado, Henrique Vignando, Carlos Luz, André Cordeiro, Igor Steinmacher, Avelino Zorzo","2021","[Background:] Experimentation in Software Engineering plays a central role on sharing and verifying scientific findings. As ex- periments have increased significantly in Software Engineering area, we observe that most of them fail to provide a way to be repeated, replicated or reproduced, thus jeopardizing or delaying the evolution of the Software Engineering area. [Aims:] In this vision paper, we present and discuss techniques and infrastructure to continuously improve experiments towards repeatability, replica- bility, and reproducibility. [Method:] We define these techniques and infrastruct","Experimentation Improvement; Ontology, Repositories; Recom- mender Systems; Data Management Plans; Teaching/Learning; Con- tinuous Experimentation ACM Reference Format: Edson OliveiraJr, Viviane Furtado, Henrique Vignando, Carlos Luz, André Cordeiro, Igor Steinmacher, and Avelino Zorzo.","10.1145/3474624.3477073","6","Artigos/Towards Improving Experimentation in Software Engineering.pdf"
"63","Unlocking inclusive education A quality assessment of software design in applications for children with autism.pdf","Unlocking inclusive education: A quality assessment of software design in applications for children with autism","Yussy Chinchay","2019","","","10.1016/j.jss.2024.112164","14","Artigos/Unlocking inclusive education A quality assessment of software design in applications for children with autism.pdf"
"64","Unveiling Hybrid Cyclomatic Complexity A Comprehensive Analysis and Evaluation as an Integral Feature in Automatic Defect Prediction Models.pdf","Unveiling Hybrid Cyclomatic Complexity: A Comprehensive Analysis and Evaluation as an Integral Feature in Automatic Defect Prediction Models","Laura Diana Cernău; Laura Dioșan; Camelia Șerban;","2025","The complex software systems developed nowadays require assessing their quality and proneness to errors. Reducing code complexity is a never-ending problem, especially in today’s fast pace of software systems development. Therefore, the industry needs to find a method to determine the qualities of a software system, the degree of difficulty in developing new functionalities, or the system’s proneness to errors. One way of measuring and predicting the quality attributes of a software system is to analyse the software metrics values for it and the relationships between them. More precisely, we s","software metrics, code complexity, bug prediction Preprint submitted to Elsevier April 2, 2025 arXiv:2504.00477v1 [cs.SE]","","23","Artigos/Unveiling Hybrid Cyclomatic Complexity A Comprehensive Analysis and Evaluation as an Integral Feature in Automatic Defect Prediction Models.pdf"
"65","WEB_SYSTEM_FOR_METRICS_CONTROL_APPLYING_THE_GQM_ME.pdf","Web System for Metrics Control applying the GQM Method in a Software Development Center","Jesús Minero-Guardado","2025","","","10.19053/01211129.v34.n72.2025.19104","10","Artigos/WEB_SYSTEM_FOR_METRICS_CONTROL_APPLYING_THE_GQM_ME.pdf"
"66","Whats DAT Three Case Studies of Measuring Software.pdf","What's DAT? Three Case Studies of Measuring Software Development Productivity at Meta With Diff Authoring Time","Moritz Beller; Amanda Park; Karim Nakad; Akshay Patel; Sarita Mohanty; Ford Garberson; Ian G. Malone; Vaishali Garg; Henri Verroken; Andrew Kennedy; Pavel Avgustinov","2026","This paper introduces Diff Authoring Time (DAT), a precise, yet conceptually simple approach to measuring software development productivity that enables rigorous experimentation. DAT is a time- based metric, which assesses how much active work time engineers take to develop self-contained changes. It uses a bespoke telemetry system integrated with version control, the Integrated Development Environments, and the Operating System. We validate DAT through observational studies, surveys, visualizations, and descriptive statis- tics. At Meta, DAT elevates the internal tool development workflow to ","Diff Authoring Time, DAT, Developer Productivity, Engineering Velocity, Continuous Experimentation (CE)","10.1145/3786583.3786901","12","Artigos/Whats DAT Three Case Studies of Measuring Software.pdf"
